{"loss": 0.3021865785121918, "_timestamp": 1673622484.150422, "_runtime": 3.969595193862915, "_step": 9, "_wandb": {"runtime": 4}}